{
    "precision": {
        "stanza": [
            1.0,
            1.0,
            0.6666666666666666,
            1.0,
            1.0,
            1.0,
            1.0,
            1.0,
            1.0,
            0,
            1.0,
            1.0,
            0.5,
            1.0,
            0.3333333333333333,
            1.0,
            1.0,
            1.0,
            1.0,
            0,
            0.6666666666666666,
            1.0,
            1.0,
            1.0,
            0.6666666666666666,
            0.5,
            1.0,
            1.0,
            0,
            1.0,
            1.0,
            1.0,
            1.0,
            1.0,
            0.6666666666666666,
            1.0,
            0.3333333333333333,
            1.0,
            0.6,
            1.0,
            0.6666666666666666,
            1.0,
            0.25,
            0.4,
            0.6666666666666666,
            1.0,
            0,
            0.6666666666666666,
            1.0,
            1.0,
            1.0,
            1.0,
            0.6666666666666666,
            1.0,
            1.0
        ],
        "bert": [
            0.75,
            0.6666666666666666,
            0.75,
            0.5,
            0.8333333333333334,
            1.0,
            0.25,
            1.0,
            0.8333333333333334,
            0.3333333333333333,
            0.6,
            0.6666666666666666,
            1.0,
            0.3333333333333333,
            1.0,
            1.0,
            0.6666666666666666,
            0.5714285714285714,
            0.3333333333333333,
            0.4,
            0.8,
            0.25,
            0.5714285714285714,
            0.8,
            0.75,
            0.5,
            1.0,
            0.5,
            0.6666666666666666,
            1.0,
            0.5,
            1.0,
            0.3333333333333333,
            1.0,
            1.0,
            0.5,
            0.2222222222222222,
            1.0,
            1.0,
            1.0,
            0.5,
            1.0,
            0.2727272727272727,
            0.6666666666666666,
            0.75,
            1.0,
            0.7,
            0.6,
            0.6666666666666666,
            0.6666666666666666,
            1.0,
            0.6666666666666666,
            1.0,
            1.0,
            0.8
        ],
        "allennlp": [
            1.0,
            0.8333333333333334,
            0.6666666666666666,
            0,
            1.0,
            0.6666666666666666,
            1.0,
            1.0,
            1.0,
            0.5,
            0.5,
            1.0,
            0.5,
            0.6666666666666666,
            1.0,
            1.0,
            0.25,
            1.0,
            0.6666666666666666,
            1.0,
            1.0,
            0.6666666666666666,
            1.0,
            0.5,
            0,
            0.6666666666666666,
            0.75,
            1.0,
            0.5,
            0.75,
            1.0,
            0.5,
            0.3333333333333333,
            0.75,
            0.6666666666666666,
            1.0,
            1.0,
            0.7142857142857143,
            0.6666666666666666,
            0.5,
            0.3333333333333333,
            0,
            1.0,
            0.6666666666666666,
            1.0,
            1.0,
            1.0,
            1.0,
            1.0,
            1.0,
            1.0,
            0.3333333333333333,
            1.0,
            0.5,
            0.6666666666666666
        ]
    },
    "recall": {
        "stanza": [
            0.5,
            1.0,
            1.0,
            1.0,
            0.75,
            0.3333333333333333,
            1.0,
            0.6666666666666666,
            0.5,
            0,
            1.0,
            0.5,
            0.5,
            0.2857142857142857,
            0.5,
            1.0,
            0.5,
            1.0,
            1.0,
            0,
            0.6666666666666666,
            0.5,
            0.5,
            0.75,
            1.0,
            0.6666666666666666,
            0.3333333333333333,
            1.0,
            0,
            1.0,
            1.0,
            0.25,
            0.5,
            0.6,
            1.0,
            0.6666666666666666,
            0.3333333333333333,
            0.25,
            0.75,
            0.5,
            1.0,
            0.6666666666666666,
            0.5,
            1.0,
            0.8,
            0.5,
            0,
            0.5,
            0.5,
            0.5,
            1.0,
            1.0,
            1.0,
            1.0,
            0.5
        ],
        "bert": [
            1.0,
            1.0,
            1.0,
            1.0,
            1.0,
            1.0,
            0.5,
            0.5,
            1.0,
            0.5,
            1.0,
            1.0,
            1.0,
            1.0,
            1.0,
            1.0,
            1.0,
            1.0,
            0.6666666666666666,
            1.0,
            1.0,
            1.0,
            1.0,
            1.0,
            1.0,
            1.0,
            1.0,
            0.5,
            1.0,
            1.0,
            1.0,
            1.0,
            0.5,
            1.0,
            1.0,
            0.6666666666666666,
            1.0,
            1.0,
            0.5,
            1.0,
            1.0,
            1.0,
            1.0,
            1.0,
            0.75,
            1.0,
            1.0,
            1.0,
            0.6666666666666666,
            1.0,
            1.0,
            1.0,
            0.5,
            1.0,
            1.0
        ],
        "allennlp": [
            1.0,
            1.0,
            1.0,
            0,
            1.0,
            1.0,
            1.0,
            1.0,
            0.5,
            1.0,
            0.5,
            1.0,
            0.5,
            1.0,
            0.5,
            1.0,
            0.5,
            0.14285714285714285,
            1.0,
            0.3333333333333333,
            1.0,
            1.0,
            0.6666666666666666,
            0.5,
            0,
            1.0,
            1.0,
            1.0,
            0.5,
            1.0,
            1.0,
            0.6666666666666666,
            0.5,
            0.75,
            0.6666666666666666,
            1.0,
            1.0,
            1.0,
            1.0,
            1.0,
            0.5,
            0,
            1.0,
            0.6666666666666666,
            1.0,
            0.6666666666666666,
            0.5,
            1.0,
            0.75,
            1.0,
            0.6666666666666666,
            1.0,
            0.5,
            1.0,
            0.6666666666666666
        ]
    },