{
    "precision": {
        "allennlp": [
            1.0,
            0.6666666666666666,
            0,
            0.5,
            1.0,
            0.75,
            1.0,
            1.0,
            0.25,
            0.75,
            0.8333333333333334,
            1.0,
            0,
            1.0,
            0.5,
            0.6666666666666666,
            1.0,
            0.3333333333333333,
            0.5,
            1.0,
            1.0,
            0.5,
            1.0,
            0.6666666666666666,
            0.3333333333333333,
            0.6666666666666666,
            1.0,
            1.0,
            1.0,
            0.6666666666666666,
            1.0,
            0.5,
            1.0,
            0.6666666666666666,
            0.3333333333333333,
            0.5,
            1.0,
            0.5,
            1.0,
            0.6666666666666666,
            1.0,
            0.6666666666666666,
            0.6666666666666666,
            1.0,
            0.7142857142857143,
            0.75,
            0.6666666666666666,
            1.0,
            1.0,
            1.0,
            0,
            1.0,
            1.0,
            0.5,
            1.0
        ],
        "stanza": [
            1.0,
            0,
            1.0,
            1.0,
            1.0,
            1.0,
            1.0,
            0.6666666666666666,
            0.3333333333333333,
            0.6666666666666666,
            1.0,
            1.0,
            0,
            1.0,
            1.0,
            1.0,
            1.0,
            1.0,
            0.5,
            0,
            1.0,
            1.0,
            1.0,
            0.6666666666666666,
            0.4,
            1.0,
            1.0,
            1.0,
            1.0,
            1.0,
            1.0,
            0.5,
            1.0,
            0.6666666666666666,
            0.25,
            1.0,
            1.0,
            0.6666666666666666,
            1.0,
            1.0,
            1.0,
            1.0,
            1.0,
            1.0,
            0.6666666666666666,
            0.6,
            0.6666666666666666,
            0,
            1.0,
            1.0,
            0.3333333333333333,
            1.0,
            1.0,
            0.6666666666666666,
            1.0
        ]
    },
    "recall": {
        "allennlp": [
            1.0,
            0.6666666666666666,
            0,
            1.0,
            1.0,
            1.0,
            0.75,
            1.0,
            0.5,
            1.0,
            1.0,
            0.6666666666666666,
            0,
            1.0,
            0.5,
            1.0,
            0.5,
            0.5,
            0.5,
            1.0,
            1.0,
            0.5,
            1.0,
            1.0,
            1.0,
            1.0,
            1.0,
            1.0,
            1.0,
            0.6666666666666666,
            1.0,
            0.6666666666666666,
            0.5,
            1.0,
            0.5,
            0.5,
            0.3333333333333333,
            1.0,
            0.14285714285714285,
            1.0,
            0.5,
            1.0,
            0.6666666666666666,
            0.6666666666666666,
            1.0,
            0.75,
            1.0,
            0.5,
            1.0,
            0.6666666666666666,
            0,
            1.0,
            1.0,
            1.0,
            1.0
        ],
        "stanza": [
            1.0,
            0,
            0.25,
            1.0,
            0.5,
            1.0,
            0.75,
            1.0,
            0.5,
            0.6666666666666666,
            0.6,
            0.6666666666666666,
            0,
            0.75,
            1.0,
            1.0,
            0.5,
            1.0,
            0.5,
            0,
            1.0,
            0.5,
            0.5,
            1.0,
            1.0,
            0.5,
            0.5,
            1.0,
            0.5,
            0.6666666666666666,
            1.0,
            0.6666666666666666,
            0.5,
            0.5,
            0.5,
            0.5,
            0.3333333333333333,
            1.0,
            0.2857142857142857,
            1.0,
            0.25,
            1.0,
            1.0,
            0.6666666666666666,
            0.8,
            0.75,
            1.0,
            0,
            0.5,
            0.3333333333333333,
            0.3333333333333333,
            1.0,
            0.5,
            1.0,
            0.5
        ]
    },
    "f1": {
        "allennlp": [
            1.0,
            0.6666666666666666,
            0,
            0.6666666666666666,
            1.0,
            0.8571428571428571,
            0.8571428571428571,
            1.0,
            0.3333333333333333,
            0.8571428571428571,
            0.9090909090909091,
            0.8,
            0,
            1.0,
            0.5,
            0.8,
            0.6666666666666666,
            0.4,
            0.5,
            1.0,
            1.0,
            0.5,
            1.0,
            0.8,
            0.5,
            0.8,
            1.0,
            1.0,
            1.0,
            0.6666666666666666,
            1.0,
            0.5714285714285715,
            0.6666666666666666,
            0.8,
            0.4,
            0.5,
            0.5,
            0.6666666666666666,
            0.25,
            0.8,
            0.6666666666666666,
            0.8,
            0.6666666666666666,
            0.8,
            0.8333333333333333,
            0.75,
            0.8,
            0.6666666666666666,
            1.0,
            0.8,
            0,
            1.0,
            1.0,
            0.6666666666666666,
            1.0
        ],
        "stanza": [
            1.0,
            0,
            0.4,
            1.0,
            0.6666666666666666,
            1.0,
            0.8571428571428571,
            0.8,
            0.4,
            0.6666666666666666,
            0.7499999999999999,
            0.8,
            0,
            0.8571428571428571,
            1.0,
            1.0,
            0.6666666666666666,
            1.0,
            0.5,
            0,
            1.0,
            0.6666666666666666,
            0.6666666666666666,
            0.8,
            0.5714285714285715,
            0.6666666666666666,
            0.6666666666666666,
            1.0,
            0.6666666666666666,
            0.8,
            1.0,
            0.5714285714285715,
            0.6666666666666666,
            0.5714285714285715,
            0.3333333333333333,
            0.6666666666666666,
            0.5,
            0.8,
            0.4444444444444445,
            1.0,
            0.4,
            1.0,
            1.0,
            0.8,
            0.7272727272727272,
            0.6666666666666665,
            0.8,
            0,
            0.6666666666666666,
            0.5,
            0.3333333333333333,
            1.0,
            0.6666666666666666,
            0.8,
            0.6666666666666666
        ]
    },
    "summed": {
        "allennlp_precision_score": 0.7402597402597404,
        "allennlp_recall_score": 0.7662337662337662,
        "allennlp_f1_score": 0.7215505706414798,
        "stanza_precision_score": 0.8045454545454546,
        "stanza_recall_score": 0.6503463203463205,
        "stanza_f1_score": 0.6809143381870654
    }
}