{
    "precision": {
        "stanza": [
            1.0,
            0,
            1.0,
            1.0,
            0,
            1.0,
            0.4166666666666667,
            0,
            0,
            0.6666666666666666,
            0,
            1.0,
            1.0,
            0,
            0,
            0,
            0,
            0,
            0,
            1.0,
            0,
            0,
            0,
            1.0,
            1.0,
            1.0,
            0,
            0,
            0,
            0.75,
            1.0,
            0.6666666666666666,
            1.0,
            0.3333333333333333,
            1.0,
            0.5,
            0.5,
            0,
            0.3,
            1.0,
            0,
            0,
            0.6666666666666666,
            1.0,
            0.9,
            0.25,
            1.0,
            0.5,
            0.5,
            0.75,
            0,
            1.0,
            1.0,
            0,
            0
        ],
        "vader": [
            1.0,
            0,
            1.0,
            1.0,
            0,
            1.0,
            0.5,
            0,
            0,
            0.5,
            1.0,
            0,
            0,
            1.0,
            0,
            1.0,
            0,
            0,
            1.0,
            1.0,
            0,
            0,
            0,
            0,
            1.0,
            0,
            1.0,
            0,
            0,
            0.75,
            1.0,
            0.5,
            1.0,
            0.2,
            0,
            1.0,
            0.5,
            0,
            0.4444444444444444,
            1.0,
            0.3333333333333333,
            0,
            0.6666666666666666,
            1.0,
            0.6666666666666666,
            0.5,
            1.0,
            1.0,
            0.5,
            1.0,
            0,
            1.0,
            0,
            1.0,
            1.0
        ]
    },
    "recall": {
        "stanza": [
            1.0,
            0,
            0.16666666666666666,
            1.0,
            0,
            0.6666666666666666,
            1.0,
            0,
            0,
            0.4,
            0,
            0.3333333333333333,
            1.0,
            0,
            0,
            0,
            0,
            0,
            0,
            1.0,
            0,
            0,
            0,
            1.0,
            0.5,
            0.5,
            0,
            0,
            0,
            0.6,
            1.0,
            0.4,
            1.0,
            0.25,
            1.0,
            1.0,
            0.5,
            0,
            0.08571428571428572,
            1.0,
            0,
            0,
            0.4,
            0.5,
            0.47368421052631576,
            0.3333333333333333,
            1.0,
            1.0,
            1.0,
            0.6,
            0,
            1.0,
            1.0,
            0,
            0
        ],
        "vader": [
            1.0,
            0,
            0.16666666666666666,
            1.0,
            0,
            0.3333333333333333,
            0.7142857142857143,
            0,
            0,
            0.2,
            0.3,
            0,
            0,
            0.8333333333333334,
            0,
            0.5,
            0,
            0,
            1.0,
            1.0,
            0,
            0,
            0,
            0,
            0.5,
            0,
            0.5,
            0,
            0,
            0.6,
            1.0,
            0.2,
            1.0,
            0.125,
            0,
            0.5,
            0.5,
            0,
            0.10810810810810811,
            1.0,
            0.1,
            0,
            0.4,
            0.5,
            0.10526315789473684,
            0.5,
            1.0,
            0.5,
            1.0,
            0.16666666666666666,
            0,
            1.0,
            0,
            1.0,
            1.0
        ]
    },
    "f1": {
        "stanza": [
            1.0,
            0,
            0.2857142857142857,
            1.0,
            0,
            0.8,
            0.5882352941176471,
            0,
            0,
            0.5,
            0,
            0.5,
            1.0,
            0,
            0,
            0,
            0,
            0,
            0,
            1.0,
            0,
            0,
            0,
            1.0,
            0.6666666666666666,
            0.6666666666666666,
            0,
            0,
            0,
            0.6666666666666665,
            1.0,
            0.5,
            1.0,
            0.28571428571428575,
            1.0,
            0.6666666666666666,
            0.5,
            0,
            0.13333333333333333,
            1.0,
            0,
            0,
            0.5,
            0.6666666666666666,
            0.6206896551724138,
            0.28571428571428575,
            1.0,
            0.6666666666666666,
            0.6666666666666666,
            0.6666666666666665,
            0,
            1.0,
            1.0,
            0,
            0
        ],
        "vader": [
            1.0,
            0,
            0.2857142857142857,
            1.0,
            0,
            0.5,
            0.588235294117647,
            0,
            0,
            0.28571428571428575,
            0.4615384615384615,
            0,
            0,
            0.9090909090909091,
            0,
            0.6666666666666666,
            0,
            0,
            1.0,
            1.0,
            0,
            0,
            0,
            0,
            0.6666666666666666,
            0,
            0.6666666666666666,
            0,
            0,
            0.6666666666666665,
            1.0,
            0.28571428571428575,
            1.0,
            0.15384615384615385,
            0,
            0.6666666666666666,
            0.5,
            0,
            0.17391304347826086,
            1.0,
            0.15384615384615383,
            0,
            0.5,
            0.6666666666666666,
            0.18181818181818182,
            0.5,
            1.0,
            0.6666666666666666,
            0.6666666666666666,
            0.2857142857142857,
            0,
            1.0,
            0,
            1.0,
            1.0
        ]
    },
    "summed": {
        "stanza_precision_score": 0.46727272727272734,
        "stanza_recall_score": 0.4128981544771018,
        "stanza_f1_score": 0.4151406267836288,
        "vader_precision_score": 0.5102020202020202,
        "vader_recall_score": 0.3700483087325193,
        "vader_f1_score": 0.4017905213441135
    }
}