{
    "precision": {
        "basic": [
            1.0,
            1.0,
            1.0,
            1.0,
            1.0,
            0,
            1.0,
            0,
            0,
            1.0,
            0.75,
            1.0,
            1.0,
            0,
            0,
            0.5,
            0,
            1.0,
            1.0,
            1.0,
            0,
            0,
            0,
            1.0,
            1.0,
            1.0,
            0.5,
            1.0,
            0.5,
            0,
            1.0,
            0.6666666666666666,
            1.0,
            0.75,
            1.0,
            0.5,
            0.6666666666666666,
            0,
            1.0,
            0,
            1.0,
            0,
            1.0,
            1.0,
            0.8,
            0.6666666666666666,
            1.0,
            0,
            1.0,
            1.0,
            1.0,
            1.0,
            1.0,
            1.0,
            1.0
        ],
        "stanza": [
            1.0,
            1.0,
            1.0,
            1.0,
            1.0,
            1.0,
            1.0,
            1.0,
            1.0,
            1.0,
            0,
            1.0,
            1.0,
            0,
            0,
            0,
            0,
            1.0,
            0,
            1.0,
            0,
            0,
            0,
            1.0,
            1.0,
            1.0,
            0,
            0,
            0.5,
            0,
            1.0,
            0.6666666666666666,
            1.0,
            0.6666666666666666,
            1.0,
            0.5,
            0.5,
            0,
            1.0,
            1.0,
            1.0,
            1.0,
            1.0,
            1.0,
            0.8,
            0.6666666666666666,
            1.0,
            0.5,
            1.0,
            1.0,
            1.0,
            1.0,
            1.0,
            0,
            0
        ]
    },
    "recall": {
        "basic": [
            1.0,
            0.6666666666666666,
            0.75,
            1.0,
            1.0,
            0,
            0.75,
            0,
            0,
            0.3333333333333333,
            0.75,
            0.6666666666666666,
            0.5,
            0,
            0,
            1.0,
            0,
            1.0,
            0.5,
            1.0,
            0,
            0,
            0,
            0.5,
            0.5,
            0.5,
            1.0,
            1.0,
            1.0,
            0,
            1.0,
            1.0,
            1.0,
            1.0,
            1.0,
            1.0,
            1.0,
            0,
            0.7142857142857143,
            0,
            0.75,
            0,
            0.6666666666666666,
            0.3333333333333333,
            1.0,
            0.6666666666666666,
            1.0,
            0,
            1.0,
            0.3333333333333333,
            0.6666666666666666,
            1.0,
            0.5,
            1.0,
            1.0
        ],
        "stanza": [
            1.0,
            0.3333333333333333,
            0.75,
            1.0,
            1.0,
            1.0,
            0.75,
            0.5,
            0.5,
            0.3333333333333333,
            0,
            0.3333333333333333,
            1.0,
            0,
            0,
            0,
            0,
            0.5,
            0,
            1.0,
            0,
            0,
            0,
            1.0,
            0.5,
            0.5,
            0,
            0,
            1.0,
            0,
            1.0,
            1.0,
            1.0,
            0.6666666666666666,
            1.0,
            1.0,
            0.5,
            0,
            0.8571428571428571,
            0.5,
            0.75,
            0.5,
            0.6666666666666666,
            0.3333333333333333,
            1.0,
            0.6666666666666666,
            0.5,
            1.0,
            0.75,
            0.6666666666666666,
            0.6666666666666666,
            1.0,
            1.0,
            0,
            0
        ]
    },
    "f1": {
        "basic": [
            1.0,
            0.8,
            0.8571428571428571,
            1.0,
            1.0,
            0,
            0.8571428571428571,
            0,
            0,
            0.5,
            0.75,
            0.8,
            0.6666666666666666,
            0,
            0,
            0.6666666666666666,
            0,
            1.0,
            0.6666666666666666,
            1.0,
            0,
            0,
            0,
            0.6666666666666666,
            0.6666666666666666,
            0.6666666666666666,
            0.6666666666666666,
            1.0,
            0.6666666666666666,
            0,
            1.0,
            0.8,
            1.0,
            0.8571428571428571,
            1.0,
            0.6666666666666666,
            0.8,
            0,
            0.8333333333333333,
            0,
            0.8571428571428571,
            0,
            0.8,
            0.5,
            0.888888888888889,
            0.6666666666666666,
            1.0,
            0,
            1.0,
            0.5,
            0.8,
            1.0,
            0.6666666666666666,
            1.0,
            1.0
        ],
        "stanza": [
            1.0,
            0.5,
            0.8571428571428571,
            1.0,
            1.0,
            1.0,
            0.8571428571428571,
            0.6666666666666666,
            0.6666666666666666,
            0.5,
            0,
            0.5,
            1.0,
            0,
            0,
            0,
            0,
            0.6666666666666666,
            0,
            1.0,
            0,
            0,
            0,
            1.0,
            0.6666666666666666,
            0.6666666666666666,
            0,
            0,
            0.6666666666666666,
            0,
            1.0,
            0.8,
            1.0,
            0.6666666666666666,
            1.0,
            0.6666666666666666,
            0.5,
            0,
            0.923076923076923,
            0.6666666666666666,
            0.8571428571428571,
            0.6666666666666666,
            0.8,
            0.5,
            0.888888888888889,
            0.6666666666666666,
            0.6666666666666666,
            0.6666666666666666,
            0.8571428571428571,
            0.8,
            0.8,
            1.0,
            1.0,
            0,
            0
        ]
    },
    "summed": {
        "basic_precision_score": 0.6781818181818182,
        "basic_recall_score": 0.6008658008658009,
        "basic_f1_score": 0.6097113997113998,
        "stanza_precision_score": 0.6690909090909092,
        "stanza_recall_score": 0.545887445887446,
        "stanza_f1_score": 0.5746764346764348
    }
}